device_id,vehicle_id,driver_name,timestamp,latitude,longitude,speed_mph,heading_deg,altitude_ft,hdop,satellites,ignition
GT-88214,HEC-FLD-114,Alvey,2026-08-07T08:28:00-05:00,29.8882831,-96.0705145,14.0,88.7,159.2,1.4,9,1
GT-88214,HEC-FLD-114,Alvey,2026-08-07T08:28:20-05:00,29.8883298,-96.0690782,16.1,88.3,155.2,1.1,8,1
GT-88214,HEC-FLD-114,Alvey,2026-08-07T08:28:40-05:00,29.8883597,-96.0676329,15.2,88.3,156.9,1.0,8,1
GT-88214,HEC-FLD-114,Alvey,2026-08-07T08:29:00-05:00,29.8885860,-96.0664675,15.6,358.1,153.4,1.1,12,1
GT-88214,HEC-FLD-114,Alvey,2026-08-07T08:29:20-05:00,29.8898410,-96.0665187,16.7,358.1,156.3,1.0,11,1
GT-88214,HEC-FLD-114,Alvey,2026-08-07T08:29:40-05:00,29.8911202,-96.0665639,14.6,358.1,159.4,0.8,12,1
GT-88214,HEC-FLD-114,Alvey,2026-08-07T08:30:00-05:00,29.8923717,-96.0666146,19.3,358.1,154.9,0.8,9,1
GT-88214,HEC-FLD-114,Alvey,2026-08-07T08:30:20-05:00,29.8936155,-96.0666665,16.6,358.1,158.0,1.0,8,1
GT-88214,HEC-FLD-114,Alvey,2026-08-07T08:30:40-05:00,29.8948633,-96.0667207,13.3,358.1,157.0,1.1,12,1
GT-88214,HEC-FLD-114,Alvey,2026-08-07T08:31:00-05:00,29.8961202,-96.0667469,16.2,358.1,157.9,0.8,9,1
GT-88214,HEC-FLD-114,Alvey,2026-08-07T08:31:20-05:00,29.8973709,-96.0667926,16.1,358.1,155.3,1.1,11,1
GT-88214,HEC-FLD-114,Alvey,2026-08-07T08:31:40-05:00,29.8986278,-96.0668381,14.9,359.7,155.8,1.0,11,1
GT-88214,HEC-FLD-114,Alvey,2026-08-07T08:32:00-05:00,29.8989331,-96.0679496,16.0,307.6,152.3,0.8,10,1
GT-88214,HEC-FLD-114,Alvey,2026-08-07T08:32:20-05:00,29.9001594,-96.0680786,14.7,357.1,155.6,1.4,8,1
GT-88214,HEC-FLD-114,Alvey,2026-08-07T08:32:40-05:00,29.9013900,-96.0681529,13.9,357.1,157.6,0.8,11,1
GT-88214,HEC-FLD-114,Alvey,2026-08-07T08:33:00-05:00,29.9026745,-96.0682116,15.7,360.0,159.5,1.0,12,1
GT-88214,HEC-FLD-114,Alvey,2026-08-07T08:33:20-05:00,29.9039138,-96.0682170,15.8,360.0,158.2,1.2,9,1
GT-88214,HEC-FLD-114,Alvey,2026-08-07T08:33:40-05:00,29.9050338,-96.0680413,14.9,87.0,155.8,0.8,8,1
GT-88214,HEC-FLD-114,Alvey,2026-08-07T08:34:00-05:00,29.9050775,-96.0666357,15.0,88.3,155.0,1.1,11,1
GT-88214,HEC-FLD-114,Alvey,2026-08-07T08:34:20-05:00,29.9060257,-96.0661161,16.0,357.7,155.3,0.9,10,1
GT-88214,HEC-FLD-114,Alvey,2026-08-07T08:34:40-05:00,29.9072618,-96.0661955,14.5,356.8,155.0,1.2,11,1
GT-88214,HEC-FLD-114,Alvey,2026-08-07T08:35:00-05:00,29.9085333,-96.0662604,16.1,357.2,157.1,1.2,10,1
GT-88214,HEC-FLD-114,Alvey,2026-08-07T08:35:20-05:00,29.9097357,-96.0663254,16.8,357.2,155.1,1.3,8,1
GT-88214,HEC-FLD-114,Alvey,2026-08-07T08:35:40-05:00,29.9110078,-96.0664151,15.1,358.0,158.7,1.3,9,1
GT-88214,HEC-FLD-114,Alvey,2026-08-07T08:36:00-05:00,29.9122127,-96.0663568,33.9,87.3,157.7,1.0,12,1
GT-88214,HEC-FLD-114,Alvey,2026-08-07T08:36:20-05:00,29.9123061,-96.0632209,33.1,88.6,161.8,1.1,11,1
GT-88214,HEC-FLD-114,Alvey,2026-08-07T08:36:40-05:00,29.9123995,-96.0600586,34.5,89.4,159.5,1.2,11,1
GT-88214,HEC-FLD-114,Alvey,2026-08-07T08:37:00-05:00,29.9124173,-96.0569057,35.4,89.4,157.5,0.9,8,1
GT-88214,HEC-FLD-114,Alvey,2026-08-07T08:37:20-05:00,29.9131397,-96.0538989,33.4,50.0,159.2,1.3,10,1
GT-88214,HEC-FLD-114,Alvey,2026-08-07T08:37:40-05:00,29.9147738,-96.0513918,34.2,73.6,157.1,1.2,12,1
GT-88214,HEC-FLD-114,Alvey,2026-08-07T08:38:00-05:00,29.9149674,-96.0482793,33.2,88.7,157.7,1.4,10,1
GT-88214,HEC-FLD-114,Alvey,2026-08-07T08:38:20-05:00,29.9150024,-96.0450890,34.4,88.7,155.7,0.9,11,1
GT-88214,HEC-FLD-114,Alvey,2026-08-07T08:38:40-05:00,29.9150825,-96.0419449,32.8,88.7,153.7,1.0,11,1
GT-88214,HEC-FLD-114,Alvey,2026-08-07T08:39:00-05:00,29.9151515,-96.0387787,34.3,89.1,156.1,1.1,11,1
GT-88214,HEC-FLD-114,Alvey,2026-08-07T08:39:20-05:00,29.9154570,-96.0356645,35.9,66.8,157.2,1.3,11,1
GT-88214,HEC-FLD-114,Alvey,2026-08-07T08:39:40-05:00,29.9171040,-96.0331592,34.8,64.6,157.0,1.1,9,1
GT-88214,HEC-FLD-114,Alvey,2026-08-07T08:40:00-05:00,29.9174709,-96.0300425,33.6,88.4,152.7,1.2,8,1
GT-88214,HEC-FLD-114,Alvey,2026-08-07T08:40:20-05:00,29.9175519,-96.0268776,33.3,89.1,154.0,1.3,8,1
GT-88214,HEC-FLD-114,Alvey,2026-08-07T08:40:40-05:00,29.9176099,-96.0237295,36.2,87.6,157.0,1.2,11,1
GT-88214,HEC-FLD-114,Alvey,2026-08-07T08:41:00-05:00,29.9176907,-96.0205573,35.8,88.5,155.3,0.8,9,1
GT-88214,HEC-FLD-114,Alvey,2026-08-07T08:41:20-05:00,29.9177619,-96.0173727,34.7,88.5,153.6,1.4,12,1
GT-88214,HEC-FLD-114,Alvey,2026-08-07T08:41:40-05:00,29.9178414,-96.0142479,35.3,88.5,158.6,1.2,10,1
GT-88214,HEC-FLD-114,Alvey,2026-08-07T08:42:00-05:00,29.9179223,-96.0110485,32.3,88.1,154.5,1.1,9,1
GT-88214,HEC-FLD-114,Alvey,2026-08-07T08:42:20-05:00,29.9179882,-96.0079148,35.0,88.6,157.6,1.4,11,1
GT-88214,HEC-FLD-114,Alvey,2026-08-07T08:42:40-05:00,29.9180549,-96.0047393,36.7,88.7,159.1,1.0,11,1
GT-88214,HEC-FLD-114,Alvey,2026-08-07T08:43:00-05:00,29.9180621,-96.0015745,34.8,90.2,155.8,1.1,8,1
GT-88214,HEC-FLD-114,Alvey,2026-08-07T08:43:20-05:00,29.9181319,-95.9984293,35.1,88.2,154.4,1.3,11,1
GT-88214,HEC-FLD-114,Alvey,2026-08-07T08:43:40-05:00,29.9181989,-95.9952549,32.8,93.0,156.4,0.9,11,1
GT-88214,HEC-FLD-114,Alvey,2026-08-07T08:44:00-05:00,29.9172660,-95.9922698,36.8,97.6,156.1,1.1,9,1
GT-88214,HEC-FLD-114,Alvey,2026-08-07T08:44:20-05:00,29.9172168,-95.9891200,34.2,89.5,158.6,1.4,9,1
GT-88214,HEC-FLD-114,Alvey,2026-08-07T08:44:40-05:00,29.9172296,-95.9859618,34.5,89.5,157.3,0.8,11,1
GT-88214,HEC-FLD-114,Alvey,2026-08-07T08:45:00-05:00,29.9172930,-95.9827953,33.1,89.1,156.7,1.0,8,1
GT-88214,HEC-FLD-114,Alvey,2026-08-07T08:45:20-05:00,29.9173283,-95.9796096,35.8,89.4,155.0,0.8,9,1
GT-88214,HEC-FLD-114,Alvey,2026-08-07T08:45:40-05:00,29.9173691,-95.9764610,32.7,89.4,154.2,0.7,10,1
GT-88214,HEC-FLD-114,Alvey,2026-08-07T08:46:00-05:00,29.9174227,-95.9732764,33.9,90.4,156.2,1.0,12,1
GT-88214,HEC-FLD-114,Alvey,2026-08-07T08:46:20-05:00,29.9173801,-95.9701238,33.1,90.4,153.8,1.3,10,1
GT-88214,HEC-FLD-114,Alvey,2026-08-07T08:46:40-05:00,29.9173616,-95.9669560,36.5,90.0,158.8,0.8,11,1
GT-88214,HEC-FLD-114,Alvey,2026-08-07T08:47:00-05:00,29.9173494,-95.9638090,33.6,90.0,157.0,1.1,12,1
GT-88214,HEC-FLD-114,Alvey,2026-08-07T08:47:20-05:00,29.9173453,-95.9606348,34.0,90.0,153.9,0.8,10,1
GT-88214,HEC-FLD-114,Alvey,2026-08-07T08:47:40-05:00,29.9169780,-95.9578803,33.8,179.5,156.3,1.4,8,1
GT-88214,HEC-FLD-114,Alvey,2026-08-07T08:48:00-05:00,29.9142358,-95.9578572,35.2,179.5,156.5,0.7,10,1
GT-88214,HEC-FLD-114,Alvey,2026-08-07T08:48:20-05:00,29.9114875,-95.9578528,33.4,179.5,155.6,1.1,12,1
GT-88214,HEC-FLD-114,Alvey,2026-08-07T08:48:40-05:00,29.9087283,-95.9577977,32.9,179.4,154.1,0.8,9,1
GT-88214,HEC-FLD-114,Alvey,2026-08-07T08:49:00-05:00,29.9059634,-95.9577724,34.1,179.4,155.1,0.7,10,1
GT-88214,HEC-FLD-114,Alvey,2026-08-07T08:49:20-05:00,29.9031915,-95.9577548,34.2,178.6,158.6,1.0,10,1
GT-88214,HEC-FLD-114,Alvey,2026-08-07T08:49:40-05:00,29.9004423,-95.9577043,35.7,179.6,156.3,0.8,10,1
GT-88214,HEC-FLD-114,Alvey,2026-08-07T08:50:00-05:00,29.8976725,-95.9576564,33.1,179.5,157.6,0.9,8,1
GT-88214,HEC-FLD-114,Alvey,2026-08-07T08:50:20-05:00,29.8949244,-95.9576305,35.3,179.5,158.3,1.2,9,1
GT-88214,HEC-FLD-114,Alvey,2026-08-07T08:50:40-05:00,29.8921640,-95.9576247,33.9,179.5,154.2,1.3,9,1
GT-88214,HEC-FLD-114,Alvey,2026-08-07T08:51:00-05:00,29.8894127,-95.9575810,33.4,179.5,157.0,1.2,11,1
GT-88214,HEC-FLD-114,Alvey,2026-08-07T08:51:20-05:00,29.8866588,-95.9575612,33.8,179.6,156.0,0.9,8,1
GT-88214,HEC-FLD-114,Alvey,2026-08-07T08:51:40-05:00,29.8839120,-95.9575325,33.5,179.6,155.7,0.9,8,1
GT-88214,HEC-FLD-114,Alvey,2026-08-07T08:52:00-05:00,29.8811356,-95.9575012,33.1,179.6,155.6,0.7,12,1
GT-88214,HEC-FLD-114,Alvey,2026-08-07T08:52:20-05:00,29.8783907,-95.9574800,33.6,179.6,160.9,1.2,11,1
GT-88214,HEC-FLD-114,Alvey,2026-08-07T08:52:40-05:00,29.8758042,-95.9582454,34.7,224.2,153.7,0.7,11,1
GT-88214,HEC-FLD-114,Alvey,2026-08-07T08:53:00-05:00,29.8741140,-95.9594315,34.6,92.5,153.9,1.2,11,1
GT-88214,HEC-FLD-114,Alvey,2026-08-07T08:53:20-05:00,29.8739658,-95.9562653,33.0,92.6,158.3,0.9,10,1
GT-88214,HEC-FLD-114,Alvey,2026-08-07T08:53:40-05:00,29.8738886,-95.9531154,32.2,92.6,158.9,1.4,12,1
GT-88214,HEC-FLD-114,Alvey,2026-08-07T08:54:00-05:00,29.8738590,-95.9499362,32.2,89.5,160.0,1.2,9,1
GT-88214,HEC-FLD-114,Alvey,2026-08-07T08:54:20-05:00,29.8738754,-95.9467829,35.4,89.5,160.4,0.7,10,1
GT-88214,HEC-FLD-114,Alvey,2026-08-07T08:54:40-05:00,29.8738754,-95.9436432,35.6,89.5,155.9,1.3,10,1
GT-88214,HEC-FLD-114,Alvey,2026-08-07T08:55:00-05:00,29.8739212,-95.9404626,35.4,89.4,155.2,1.1,11,1
GT-88214,HEC-FLD-114,Alvey,2026-08-07T08:55:20-05:00,29.8739394,-95.9372989,33.6,89.4,156.8,1.2,8,1
GT-88214,HEC-FLD-114,Alvey,2026-08-07T08:55:40-05:00,29.8739522,-95.9340945,34.9,89.4,155.6,1.1,8,1
GT-88214,HEC-FLD-114,Alvey,2026-08-07T08:56:00-05:00,29.8740043,-95.9309767,36.2,89.4,155.2,1.0,12,1
GT-88214,HEC-FLD-114,Alvey,2026-08-07T08:56:20-05:00,29.8740200,-95.9278013,34.1,89.3,157.3,1.1,10,1
GT-88214,HEC-FLD-114,Alvey,2026-08-07T08:56:40-05:00,29.8740679,-95.9246519,36.2,89.3,157.9,1.0,8,1
GT-88214,HEC-FLD-114,Alvey,2026-08-07T08:57:00-05:00,29.8741008,-95.9215023,34.8,89.3,153.0,1.0,12,1
GT-88214,HEC-FLD-114,Alvey,2026-08-07T08:57:20-05:00,29.8741227,-95.9183174,34.7,89.6,155.7,0.8,11,1
GT-88214,HEC-FLD-114,Alvey,2026-08-07T08:57:40-05:00,29.8741500,-95.9151431,32.8,89.4,156.4,1.0,10,1
GT-88214,HEC-FLD-114,Alvey,2026-08-07T08:58:00-05:00,29.8741690,-95.9120056,33.5,89.4,159.2,0.7,11,1
GT-88214,HEC-FLD-114,Alvey,2026-08-07T08:58:20-05:00,29.8741849,-95.9088201,34.1,89.5,159.9,1.2,8,1
GT-88214,HEC-FLD-114,Alvey,2026-08-07T08:58:40-05:00,29.8742309,-95.9056695,34.3,89.3,155.3,1.0,8,1
GT-88214,HEC-FLD-114,Alvey,2026-08-07T08:59:00-05:00,29.8742447,-95.9025010,32.4,89.6,156.0,1.0,12,1
GT-88214,HEC-FLD-114,Alvey,2026-08-07T08:59:20-05:00,29.8742816,-95.8993582,34.4,89.5,155.6,1.3,12,1
GT-88214,HEC-FLD-114,Alvey,2026-08-07T08:59:40-05:00,29.8743178,-95.8961874,32.1,89.5,155.9,0.8,12,1
GT-88214,HEC-FLD-114,Alvey,2026-08-07T09:00:00-05:00,29.8742942,-95.8930173,32.1,89.5,158.1,1.2,8,1
GT-88214,HEC-FLD-114,Alvey,2026-08-07T09:00:20-05:00,29.8743337,-95.8898537,36.0,89.3,151.5,1.2,11,1
GT-88214,HEC-FLD-114,Alvey,2026-08-07T09:00:40-05:00,29.8743593,-95.8866727,35.4,89.5,154.7,1.3,9,1
GT-88214,HEC-FLD-114,Alvey,2026-08-07T09:01:00-05:00,29.8743770,-95.8835231,34.0,89.5,156.3,1.2,11,1
GT-88214,HEC-FLD-114,Alvey,2026-08-07T09:01:20-05:00,29.8744016,-95.8803816,34.1,89.6,156.7,1.0,11,1
GT-88214,HEC-FLD-114,Alvey,2026-08-07T09:01:40-05:00,29.8744135,-95.8771962,35.4,89.5,158.6,1.3,11,1
GT-88214,HEC-FLD-114,Alvey,2026-08-07T09:02:00-05:00,29.8744275,-95.8740258,33.2,89.6,156.0,1.2,8,1
GT-88214,HEC-FLD-114,Alvey,2026-08-07T09:02:20-05:00,29.8744656,-95.8708858,34.8,89.5,155.1,1.0,9,1
GT-88214,HEC-FLD-114,Alvey,2026-08-07T09:02:40-05:00,29.8744813,-95.8676893,34.9,89.5,154.0,0.9,11,1
GT-88214,HEC-FLD-114,Alvey,2026-08-07T09:03:00-05:00,29.8744982,-95.8645537,33.3,89.7,152.8,0.9,11,1
GT-88214,HEC-FLD-114,Alvey,2026-08-07T09:03:20-05:00,29.8745450,-95.8613938,34.9,89.6,154.9,0.8,10,1
GT-88214,HEC-FLD-114,Alvey,2026-08-07T09:03:40-05:00,29.8745736,-95.8582185,34.3,89.6,156.6,1.4,12,1
GT-88214,HEC-FLD-114,Alvey,2026-08-07T09:04:00-05:00,29.8745741,-95.8550514,35.4,90.0,158.2,0.8,8,1
GT-88214,HEC-FLD-114,Alvey,2026-08-07T09:04:20-05:00,29.8745935,-95.8519031,32.2,89.6,156.7,1.4,9,1
GT-88214,HEC-FLD-114,Alvey,2026-08-07T09:04:40-05:00,29.8745954,-95.8487124,35.5,89.5,158.7,1.4,9,1
GT-88214,HEC-FLD-114,Alvey,2026-08-07T09:05:00-05:00,29.8746402,-95.8455708,34.3,89.6,154.4,1.0,11,1
GT-88214,HEC-FLD-114,Alvey,2026-08-07T09:05:20-05:00,29.8746550,-95.8424006,32.2,89.5,158.3,0.8,9,1
GT-88214,HEC-FLD-114,Alvey,2026-08-07T09:05:40-05:00,29.8746717,-95.8392659,34.9,89.5,155.1,1.1,9,1
GT-88214,HEC-FLD-114,Alvey,2026-08-07T09:06:00-05:00,29.8746893,-95.8361010,32.7,89.5,154.4,0.8,10,1
GT-88214,HEC-FLD-114,Alvey,2026-08-07T09:06:20-05:00,29.8747152,-95.8329355,36.6,89.5,156.4,1.2,11,1
GT-88214,HEC-FLD-114,Alvey,2026-08-07T09:06:40-05:00,29.8747721,-95.8297705,34.6,89.6,155.0,1.0,12,1
GT-88214,HEC-FLD-114,Alvey,2026-08-07T09:07:00-05:00,29.8747837,-95.8266138,36.4,89.5,156.0,0.8,11,1
GT-88214,HEC-FLD-114,Alvey,2026-08-07T09:07:20-05:00,29.8747980,-95.8234518,33.6,89.5,158.3,1.2,8,1
GT-88214,HEC-FLD-114,Alvey,2026-08-07T09:07:40-05:00,29.8748140,-95.8202753,35.7,89.5,156.4,1.4,8,1
GT-88214,HEC-FLD-114,Alvey,2026-08-07T09:08:00-05:00,29.8748395,-95.8170969,32.1,89.5,156.2,1.2,11,1
GT-88214,HEC-FLD-114,Alvey,2026-08-07T09:08:20-05:00,29.8748718,-95.8139577,33.1,89.4,156.2,1.1,11,1
GT-88214,HEC-FLD-114,Alvey,2026-08-07T09:08:40-05:00,29.8748897,-95.8107766,36.3,89.4,152.5,1.2,8,1
GT-88214,HEC-FLD-114,Alvey,2026-08-07T09:09:00-05:00,29.8749248,-95.8076568,34.9,89.4,157.8,1.3,8,1
GT-88214,HEC-FLD-114,Alvey,2026-08-07T09:09:20-05:00,29.8749338,-95.8044608,34.7,89.5,152.8,1.4,12,1
GT-88214,HEC-FLD-114,Alvey,2026-08-07T09:09:40-05:00,29.8749574,-95.8012775,34.2,89.5,154.0,0.9,12,1
GT-88214,HEC-FLD-114,Alvey,2026-08-07T09:10:00-05:00,29.8750066,-95.7981265,32.4,89.5,157.3,0.9,8,1
GT-88214,HEC-FLD-114,Alvey,2026-08-07T09:10:20-05:00,29.8750120,-95.7950034,34.7,89.5,160.0,1.4,11,1
GT-88214,HEC-FLD-114,Alvey,2026-08-07T09:10:40-05:00,29.8750542,-95.7918203,34.7,89.5,155.8,0.9,12,1
GT-88214,HEC-FLD-114,Alvey,2026-08-07T09:11:00-05:00,29.8738813,-95.7905398,22.6,178.4,153.5,0.9,9,1
GT-88214,HEC-FLD-114,Alvey,2026-08-07T09:11:20-05:00,29.8718901,-95.7904676,25.7,179.4,158.5,0.9,12,1
GT-88214,HEC-FLD-114,Alvey,2026-08-07T09:11:40-05:00,29.8698593,-95.7904619,24.3,179.5,155.6,1.2,9,1
GT-88214,HEC-FLD-114,Alvey,2026-08-07T09:12:00-05:00,29.8678545,-95.7904275,23.5,179.5,160.9,1.1,11,1
GT-88214,HEC-FLD-114,Alvey,2026-08-07T09:12:20-05:00,29.8658494,-95.7904047,24.8,179.5,157.0,1.0,10,1
GT-88214,HEC-FLD-114,Alvey,2026-08-07T09:12:40-05:00,29.8649960,-95.7903950,0.0,283.7,153.1,1.1,9,1
GT-88214,HEC-FLD-114,Alvey,2026-08-07T09:14:08-05:00,29.8649998,-95.7903860,0.0,78.0,153.3,0.7,10,0
GT-88214,HEC-FLD-114,Alvey,2026-08-07T09:15:08-05:00,29.8649976,-95.7903924,0.0,235.6,156.1,0.9,9,0
GT-88214,HEC-FLD-114,Alvey,2026-08-07T09:16:08-05:00,29.8649615,-95.7904022,0.0,210.7,153.6,0.8,10,0
GT-88214,HEC-FLD-114,Alvey,2026-08-07T09:17:08-05:00,29.8649878,-95.7904086,0.0,135.8,158.0,1.1,10,0
GT-88214,HEC-FLD-114,Alvey,2026-08-07T09:18:08-05:00,29.8649952,-95.7904118,0.0,344.9,156.3,0.8,11,0
GT-88214,HEC-FLD-114,Alvey,2026-08-07T09:19:08-05:00,29.8650140,-95.7903828,0.0,272.0,159.3,0.9,12,0
GT-88214,HEC-FLD-114,Alvey,2026-08-07T09:20:08-05:00,29.8650279,-95.7904119,0.0,230.5,156.2,1.0,12,0
GT-88214,HEC-FLD-114,Alvey,2026-08-07T09:21:08-05:00,29.8649962,-95.7904173,0.0,116.8,156.4,0.8,9,0
GT-88214,HEC-FLD-114,Alvey,2026-08-07T09:22:08-05:00,29.8649952,-95.7904200,0.0,119.7,155.2,0.9,10,0
GT-88214,HEC-FLD-114,Alvey,2026-08-07T09:23:08-05:00,29.8649931,-95.7903933,0.0,282.0,157.3,1.1,9,0
GT-88214,HEC-FLD-114,Alvey,2026-08-07T09:24:08-05:00,29.8649701,-95.7903919,0.0,33.6,157.4,1.2,8,0
GT-88214,HEC-FLD-114,Alvey,2026-08-07T09:25:08-05:00,29.8650191,-95.7903821,0.0,117.2,155.8,1.2,10,0
GT-88214,HEC-FLD-114,Alvey,2026-08-07T09:26:08-05:00,29.8649881,-95.7904010,0.0,12.8,157.5,0.9,11,0
GT-88214,HEC-FLD-114,Alvey,2026-08-07T09:27:08-05:00,29.8650122,-95.7903837,0.0,81.0,156.1,1.2,10,0
GT-88214,HEC-FLD-114,Alvey,2026-08-07T09:28:08-05:00,29.8650027,-95.7903601,0.0,327.8,154.4,1.2,12,0
GT-88214,HEC-FLD-114,Alvey,2026-08-07T09:29:08-05:00,29.8650077,-95.7904008,0.0,334.3,155.0,1.2,10,0
GT-88214,HEC-FLD-114,Alvey,2026-08-07T09:30:08-05:00,29.8649751,-95.7903976,0.0,210.2,156.9,1.2,9,0
GT-88214,HEC-FLD-114,Alvey,2026-08-07T09:31:08-05:00,29.8650022,-95.7904023,0.0,337.2,157.0,1.0,8,0
GT-88214,HEC-FLD-114,Alvey,2026-08-07T09:32:08-05:00,29.8649925,-95.7903912,0.0,278.2,157.2,0.8,11,0
GT-88214,HEC-FLD-114,Alvey,2026-08-07T09:33:08-05:00,29.8649806,-95.7903933,0.0,72.0,156.0,1.3,12,0
GT-88214,HEC-FLD-114,Alvey,2026-08-07T09:34:08-05:00,29.8649956,-95.7903916,0.0,15.8,153.9,1.2,8,0
GT-88214,HEC-FLD-114,Alvey,2026-08-07T09:35:08-05:00,29.8649855,-95.7903836,0.0,137.3,152.8,1.2,10,0
GT-88214,HEC-FLD-114,Alvey,2026-08-07T09:37:24-05:00,29.8649931,-95.7903932,25.3,359.5,156.0,0.8,8,1
GT-88214,HEC-FLD-114,Alvey,2026-08-07T09:37:44-05:00,29.8670039,-95.7903970,25.0,359.5,157.0,1.1,9,1
GT-88214,HEC-FLD-114,Alvey,2026-08-07T09:38:04-05:00,29.8690054,-95.7904340,24.6,359.5,154.7,1.4,11,1
GT-88214,HEC-FLD-114,Alvey,2026-08-07T09:38:24-05:00,29.8709957,-95.7904727,24.9,359.4,156.2,0.9,9,1
GT-88214,HEC-FLD-114,Alvey,2026-08-07T09:38:44-05:00,29.8730169,-95.7905021,25.0,358.4,152.1,0.7,8,1
GT-88214,HEC-FLD-114,Alvey,2026-08-07T09:39:04-05:00,29.8750421,-95.7905228,24.8,0.5,157.3,1.4,10,1
GT-88214,HEC-FLD-114,Alvey,2026-08-07T09:39:24-05:00,29.8750267,-95.7936404,34.7,269.5,155.6,0.7,12,1
GT-88214,HEC-FLD-114,Alvey,2026-08-07T09:39:44-05:00,29.8749913,-95.7967879,33.4,269.4,156.5,1.2,12,1
GT-88214,HEC-FLD-114,Alvey,2026-08-07T09:40:04-05:00,29.8749720,-95.7999696,34.5,269.5,158.8,0.7,12,1
GT-88214,HEC-FLD-114,Alvey,2026-08-07T09:40:24-05:00,29.8749532,-95.8031172,31.6,269.5,156.4,1.3,11,1
GT-88214,HEC-FLD-114,Alvey,2026-08-07T09:40:44-05:00,29.8749349,-95.8062754,34.0,269.5,156.5,1.2,12,1
GT-88214,HEC-FLD-114,Alvey,2026-08-07T09:41:04-05:00,29.8749085,-95.8094415,32.7,269.5,154.2,1.2,12,1
GT-88214,HEC-FLD-114,Alvey,2026-08-07T09:41:24-05:00,29.8748640,-95.8126204,34.4,269.4,155.4,1.2,8,1
GT-88214,HEC-FLD-114,Alvey,2026-08-07T09:41:44-05:00,29.8748352,-95.8157743,32.1,269.6,158.6,0.9,11,1
GT-88214,HEC-FLD-114,Alvey,2026-08-07T09:42:04-05:00,29.8748399,-95.8189386,35.5,269.6,154.0,0.8,10,1
GT-88214,HEC-FLD-114,Alvey,2026-08-07T09:42:24-05:00,29.8748011,-95.8220985,34.2,269.5,155.3,1.0,11,1
GT-88214,HEC-FLD-114,Alvey,2026-08-07T09:42:44-05:00,29.8747710,-95.8252680,35.2,269.5,156.7,1.2,8,1
GT-88214,HEC-FLD-114,Alvey,2026-08-07T09:43:04-05:00,29.8747346,-95.8284231,33.4,269.6,156.1,1.3,10,1
GT-88214,HEC-FLD-114,Alvey,2026-08-07T09:43:24-05:00,29.8747586,-95.8315812,36.2,269.5,156.1,0.7,8,1
GT-88214,HEC-FLD-114,Alvey,2026-08-07T09:43:44-05:00,29.8747243,-95.8347461,34.7,269.5,156.0,0.8,12,1
GT-88214,HEC-FLD-114,Alvey,2026-08-07T09:44:04-05:00,29.8746972,-95.8379194,35.2,269.5,156.4,1.3,9,1
GT-88214,HEC-FLD-114,Alvey,2026-08-07T09:44:24-05:00,29.8746470,-95.8410774,32.7,269.8,156.7,0.8,8,1
GT-88214,HEC-FLD-114,Alvey,2026-08-07T09:44:44-05:00,29.8746590,-95.8442176,35.5,268.7,159.4,0.9,9,1
GT-88214,HEC-FLD-114,Alvey,2026-08-07T09:45:04-05:00,29.8746281,-95.8473813,33.3,269.5,154.7,1.3,10,1
GT-88214,HEC-FLD-114,Alvey,2026-08-07T09:45:24-05:00,29.8746046,-95.8505424,36.1,269.6,156.0,1.3,12,1
GT-88214,HEC-FLD-114,Alvey,2026-08-07T09:45:44-05:00,29.8745789,-95.8536985,33.7,269.4,157.2,1.4,8,1
GT-88214,HEC-FLD-114,Alvey,2026-08-07T09:46:04-05:00,29.8745490,-95.8568697,33.6,269.6,156.2,1.1,9,1
GT-88214,HEC-FLD-114,Alvey,2026-08-07T09:46:24-05:00,29.8745398,-95.8600515,35.0,269.6,155.1,1.4,10,1
GT-88214,HEC-FLD-114,Alvey,2026-08-07T09:46:44-05:00,29.8745101,-95.8632185,34.9,269.4,153.3,1.4,8,1
GT-88214,HEC-FLD-114,Alvey,2026-08-07T09:47:04-05:00,29.8745052,-95.8663613,36.5,269.5,154.0,0.7,12,1
GT-88214,HEC-FLD-114,Alvey,2026-08-07T09:47:24-05:00,29.8744937,-95.8695559,32.5,269.5,154.9,1.2,12,1
GT-88214,HEC-FLD-114,Alvey,2026-08-07T09:47:44-05:00,29.8744583,-95.8727085,34.6,269.5,158.2,1.0,12,1
GT-88214,HEC-FLD-114,Alvey,2026-08-07T09:48:04-05:00,29.8744131,-95.8758739,33.9,269.6,155.3,0.8,10,1
GT-88214,HEC-FLD-114,Alvey,2026-08-07T09:48:24-05:00,29.8744290,-95.8790346,34.3,269.5,158.0,0.9,9,1
GT-88214,HEC-FLD-114,Alvey,2026-08-07T09:48:44-05:00,29.8743834,-95.8821769,34.7,269.6,156.9,1.2,9,1
GT-88214,HEC-FLD-114,Alvey,2026-08-07T09:49:04-05:00,29.8743519,-95.8853489,36.2,269.5,153.1,1.4,10,1
GT-88214,HEC-FLD-114,Alvey,2026-08-07T09:49:24-05:00,29.8743492,-95.8884998,33.4,269.5,154.2,0.9,12,1
GT-88214,HEC-FLD-114,Alvey,2026-08-07T09:49:44-05:00,29.8750133,-95.8905972,23.3,359.5,154.9,1.0,8,1
GT-88214,HEC-FLD-114,Alvey,2026-08-07T09:50:04-05:00,29.8769942,-95.8906286,23.7,359.5,155.3,0.9,11,1
GT-88214,HEC-FLD-114,Alvey,2026-08-07T09:50:24-05:00,29.8790197,-95.8906499,25.4,359.5,156.4,1.4,12,1
GT-88214,HEC-FLD-114,Alvey,2026-08-07T09:50:44-05:00,29.8810222,-95.8906828,24.1,359.7,156.7,0.9,8,1
GT-88214,HEC-FLD-114,Alvey,2026-08-07T09:51:04-05:00,29.8815774,-95.8913035,8.8,270.6,154.7,1.3,8,1
GT-88214,HEC-FLD-114,Alvey,2026-08-07T09:51:24-05:00,29.8815912,-95.8921615,8.6,270.6,153.4,1.3,12,1
GT-88214,HEC-FLD-114,Alvey,2026-08-07T09:51:44-05:00,29.8833071,-95.8927390,0.0,141.8,155.5,1.0,12,1
GT-88214,HEC-FLD-114,Alvey,2026-08-07T09:52:25-05:00,29.8833037,-95.8927243,0.0,131.4,156.0,1.2,10,0
GT-88214,HEC-FLD-114,Alvey,2026-08-07T09:53:25-05:00,29.8833127,-95.8927498,0.0,40.0,158.3,1.2,9,0
GT-88214,HEC-FLD-114,Alvey,2026-08-07T09:54:25-05:00,29.8833161,-95.8927079,0.0,118.5,158.3,0.8,11,0
GT-88214,HEC-FLD-114,Alvey,2026-08-07T09:55:25-05:00,29.8833357,-95.8927494,0.0,53.8,158.2,1.0,8,0
GT-88214,HEC-FLD-114,Alvey,2026-08-07T09:56:25-05:00,29.8832996,-95.8927459,0.0,173.8,156.3,1.3,8,0
GT-88214,HEC-FLD-114,Alvey,2026-08-07T09:57:25-05:00,29.8832882,-95.8927757,0.0,171.4,156.0,1.1,11,0
GT-88214,HEC-FLD-114,Alvey,2026-08-07T09:58:25-05:00,29.8832875,-95.8927238,0.0,134.8,155.5,1.1,12,0
GT-88214,HEC-FLD-114,Alvey,2026-08-07T09:59:25-05:00,29.8833146,-95.8927299,0.0,201.4,157.6,0.9,9,0
GT-88214,HEC-FLD-114,Alvey,2026-08-07T10:00:25-05:00,29.8833272,-95.8927415,0.0,86.9,156.2,1.2,11,0
GT-88214,HEC-FLD-114,Alvey,2026-08-07T10:01:25-05:00,29.8833362,-95.8927238,0.0,223.7,157.5,1.2,9,0
GT-88214,HEC-FLD-114,Alvey,2026-08-07T10:02:25-05:00,29.8833011,-95.8927844,0.0,143.6,156.1,0.8,8,0
GT-88214,HEC-FLD-114,Alvey,2026-08-07T10:03:25-05:00,29.8832963,-95.8927602,0.0,217.0,156.3,1.1,12,0
GT-88214,HEC-FLD-114,Alvey,2026-08-07T10:04:25-05:00,29.8833013,-95.8927098,0.0,185.0,154.8,1.2,11,0
GT-88214,HEC-FLD-114,Alvey,2026-08-07T10:05:25-05:00,29.8833115,-95.8927484,0.0,153.9,158.0,0.9,12,0
GT-88214,HEC-FLD-114,Alvey,2026-08-07T10:06:25-05:00,29.8832909,-95.8927449,0.0,274.6,159.0,0.9,12,0
GT-88214,HEC-FLD-114,Alvey,2026-08-07T10:07:25-05:00,29.8832793,-95.8927496,0.0,261.5,156.7,0.8,12,0
GT-88214,HEC-FLD-114,Alvey,2026-08-07T10:08:25-05:00,29.8832831,-95.8927375,0.0,88.2,154.2,1.0,11,0
GT-88214,HEC-FLD-114,Alvey,2026-08-07T10:10:14-05:00,29.8815842,-95.8927740,10.4,90.6,156.4,1.1,12,1
GT-88214,HEC-FLD-114,Alvey,2026-08-07T10:10:34-05:00,29.8815704,-95.8919100,10.6,90.6,155.8,1.3,12,1
GT-88214,HEC-FLD-114,Alvey,2026-08-07T10:10:54-05:00,29.8815594,-95.8910345,11.0,90.6,154.4,0.9,12,1
GT-88214,HEC-FLD-114,Alvey,2026-08-07T10:11:14-05:00,29.8827275,-95.8906926,27.0,359.7,158.1,1.0,9,1
GT-88214,HEC-FLD-114,Alvey,2026-08-07T10:11:34-05:00,29.8847200,-95.8906713,24.1,359.7,155.4,1.0,8,1
GT-88214,HEC-FLD-114,Alvey,2026-08-07T10:11:54-05:00,29.8867283,-95.8907083,26.0,359.7,155.3,1.0,11,1
GT-88214,HEC-FLD-114,Alvey,2026-08-07T10:12:14-05:00,29.8869685,-95.8928426,0.0,62.7,155.9,0.8,11,1
GT-88214,HEC-FLD-114,Alvey,2026-08-07T10:12:57-05:00,29.8869380,-95.8928617,0.0,277.2,154.8,1.2,8,0
GT-88214,HEC-FLD-114,Alvey,2026-08-07T10:13:57-05:00,29.8869509,-95.8928678,0.0,331.5,154.4,0.9,11,0
GT-88214,HEC-FLD-114,Alvey,2026-08-07T10:14:57-05:00,29.8869678,-95.8928491,0.0,174.4,157.4,1.2,12,0
GT-88214,HEC-FLD-114,Alvey,2026-08-07T10:15:57-05:00,29.8869654,-95.8928656,0.0,105.9,157.8,1.2,9,0
GT-88214,HEC-FLD-114,Alvey,2026-08-07T10:16:57-05:00,29.8869703,-95.8928677,0.0,216.5,158.3,1.3,12,0
GT-88214,HEC-FLD-114,Alvey,2026-08-07T10:17:57-05:00,29.8869706,-95.8928295,0.0,84.8,156.5,0.8,9,0
GT-88214,HEC-FLD-114,Alvey,2026-08-07T10:18:57-05:00,29.8869506,-95.8928227,0.0,77.5,154.0,1.1,10,0
GT-88214,HEC-FLD-114,Alvey,2026-08-07T10:19:57-05:00,29.8869818,-95.8928461,0.0,41.6,156.1,0.8,10,0
GT-88214,HEC-FLD-114,Alvey,2026-08-07T10:20:57-05:00,29.8869795,-95.8928660,0.0,165.4,155.6,1.3,11,0
GT-88214,HEC-FLD-114,Alvey,2026-08-07T10:21:57-05:00,29.8869782,-95.8928241,0.0,258.2,156.6,1.0,8,0
GT-88214,HEC-FLD-114,Alvey,2026-08-07T10:22:57-05:00,29.8869657,-95.8928012,0.0,89.0,156.2,0.9,12,0
GT-88214,HEC-FLD-114,Alvey,2026-08-07T10:23:57-05:00,29.8869783,-95.8928419,0.0,45.2,158.5,1.3,9,0
GT-88214,HEC-FLD-114,Alvey,2026-08-07T10:24:57-05:00,29.8869717,-95.8928542,0.0,293.6,154.6,1.0,11,0
GT-88214,HEC-FLD-114,Alvey,2026-08-07T10:25:57-05:00,29.8869625,-95.8928326,0.0,43.5,157.4,1.1,10,0
GT-88214,HEC-FLD-114,Alvey,2026-08-07T10:26:57-05:00,29.8869411,-95.8928511,0.0,23.0,157.9,1.2,8,0
GT-88214,HEC-FLD-114,Alvey,2026-08-07T10:27:57-05:00,29.8869454,-95.8928265,0.0,148.0,155.9,0.8,8,0
GT-88214,HEC-FLD-114,Alvey,2026-08-07T10:28:57-05:00,29.8869781,-95.8928512,0.0,55.7,157.5,1.1,12,0
GT-88214,HEC-FLD-114,Alvey,2026-08-07T10:29:57-05:00,29.8869373,-95.8928462,0.0,305.8,156.1,0.7,11,0
GT-88214,HEC-FLD-114,Alvey,2026-08-07T10:30:57-05:00,29.8869681,-95.8928629,0.0,12.6,155.5,1.1,12,0
GT-88214,HEC-FLD-114,Alvey,2026-08-07T10:31:57-05:00,29.8869704,-95.8928180,0.0,124.8,155.7,0.8,12,0
GT-88214,HEC-FLD-114,Alvey,2026-08-07T10:32:57-05:00,29.8869512,-95.8928753,0.0,73.2,155.3,0.9,8,0
GT-88214,HEC-FLD-114,Alvey,2026-08-07T10:34:54-05:00,29.8868147,-95.8925569,0.0,240.1,155.0,1.2,11,1
GT-88214,HEC-FLD-114,Alvey,2026-08-07T10:35:54-05:00,29.8868381,-95.8925897,0.0,43.5,155.6,0.9,11,1
GT-88214,HEC-FLD-114,Alvey,2026-08-07T10:36:54-05:00,29.8868530,-95.8925949,0.0,153.4,156.2,0.9,11,1
GT-88214,HEC-FLD-114,Alvey,2026-08-07T10:37:54-05:00,29.8868406,-95.8925581,0.0,214.2,154.7,1.1,8,1
GT-88214,HEC-FLD-114,Alvey,2026-08-07T10:38:54-05:00,29.8868620,-95.8925570,0.0,290.3,157.2,0.7,11,1
GT-88214,HEC-FLD-114,Alvey,2026-08-07T10:39:54-05:00,29.8868230,-95.8925769,0.0,355.4,153.2,1.1,12,1
GT-88214,HEC-FLD-114,Alvey,2026-08-07T10:40:54-05:00,29.8868390,-95.8925408,0.0,322.0,156.8,1.3,9,1
GT-88214,HEC-FLD-114,Alvey,2026-08-07T10:41:54-05:00,29.8868543,-95.8925595,0.0,310.5,154.4,0.9,10,1
GT-88214,HEC-FLD-114,Alvey,2026-08-07T10:42:54-05:00,29.8868535,-95.8925387,0.0,316.1,155.3,0.7,12,1
GT-88214,HEC-FLD-114,Alvey,2026-08-07T10:43:54-05:00,29.8868217,-95.8925379,0.0,301.0,156.2,1.2,10,1
GT-88214,HEC-FLD-114,Alvey,2026-08-07T10:44:54-05:00,29.8868328,-95.8925717,0.0,72.3,156.5,0.7,11,1
GT-88214,HEC-FLD-114,Alvey,2026-08-07T10:45:54-05:00,29.8869996,-95.8907076,24.5,178.7,158.2,1.0,9,1
GT-88214,HEC-FLD-114,Alvey,2026-08-07T10:46:14-05:00,29.8850091,-95.8906958,24.0,179.7,157.3,0.7,8,1
GT-88214,HEC-FLD-114,Alvey,2026-08-07T10:46:34-05:00,29.8830027,-95.8906615,25.8,179.7,156.6,0.8,10,1
GT-88214,HEC-FLD-114,Alvey,2026-08-07T10:46:54-05:00,29.8815531,-95.8908946,8.7,270.6,154.6,1.0,10,1
GT-88214,HEC-FLD-114,Alvey,2026-08-07T10:47:14-05:00,29.8815826,-95.8917761,7.5,270.6,154.9,0.9,10,1
GT-88214,HEC-FLD-114,Alvey,2026-08-07T10:47:34-05:00,29.8815974,-95.8926406,9.9,270.6,156.8,1.4,8,1
GT-88214,HEC-FLD-114,Alvey,2026-08-07T10:47:54-05:00,29.8815803,-95.8935017,8.1,270.6,155.7,0.9,11,1
GT-88214,HEC-FLD-114,Alvey,2026-08-07T10:48:14-05:00,29.8816100,-95.8943709,9.3,270.6,156.7,1.0,11,1
GT-88214,HEC-FLD-114,Alvey,2026-08-07T10:48:34-05:00,29.8815902,-95.8952070,8.6,270.6,153.2,1.0,8,1
GT-88214,HEC-FLD-114,Alvey,2026-08-07T10:48:54-05:00,29.8816259,-95.8960810,8.4,270.6,156.7,0.9,8,1
GT-88214,HEC-FLD-114,Alvey,2026-08-07T10:49:14-05:00,29.8816181,-95.8969607,9.5,270.6,155.7,1.2,8,1
GT-88214,HEC-FLD-114,Alvey,2026-08-07T10:49:34-05:00,29.8816479,-95.8978203,7.1,270.6,156.0,1.2,11,1
GT-88214,HEC-FLD-114,Alvey,2026-08-07T10:49:54-05:00,29.8816506,-95.8986950,10.4,270.9,154.0,0.8,8,1
GT-88214,HEC-FLD-114,Alvey,2026-08-07T10:50:14-05:00,29.8816532,-95.8995615,10.2,270.9,154.7,1.2,12,1
GT-88214,HEC-FLD-114,Alvey,2026-08-07T10:50:34-05:00,29.8816513,-95.9004227,11.0,269.9,158.8,1.2,11,1
GT-88214,HEC-FLD-114,Alvey,2026-08-07T10:50:54-05:00,29.8819956,-95.9009458,7.9,357.7,156.7,1.0,11,1
GT-88214,HEC-FLD-114,Alvey,2026-08-07T10:51:14-05:00,29.8827589,-95.9009742,10.3,357.7,156.0,1.1,10,1
GT-88214,HEC-FLD-114,Alvey,2026-08-07T10:51:34-05:00,29.8832382,-95.9010767,0.0,190.5,156.5,1.0,11,1
GT-88214,HEC-FLD-114,Alvey,2026-08-07T10:51:49-05:00,29.8832501,-95.9011258,0.0,249.8,156.9,1.1,8,0
GT-88214,HEC-FLD-114,Alvey,2026-08-07T10:52:49-05:00,29.8832244,-95.9010768,0.0,52.3,156.6,1.1,11,0
GT-88214,HEC-FLD-114,Alvey,2026-08-07T10:53:49-05:00,29.8832714,-95.9011121,0.0,308.4,154.7,1.1,11,0
GT-88214,HEC-FLD-114,Alvey,2026-08-07T10:54:49-05:00,29.8832355,-95.9010718,0.0,180.2,153.7,1.3,8,0
GT-88214,HEC-FLD-114,Alvey,2026-08-07T10:55:49-05:00,29.8832263,-95.9010774,0.0,69.6,159.1,1.1,8,0
GT-88214,HEC-FLD-114,Alvey,2026-08-07T10:56:49-05:00,29.8832682,-95.9010731,0.0,5.0,155.5,1.1,12,0
GT-88214,HEC-FLD-114,Alvey,2026-08-07T10:57:49-05:00,29.8832458,-95.9010479,0.0,286.9,156.1,1.1,12,0
GT-88214,HEC-FLD-114,Alvey,2026-08-07T10:58:49-05:00,29.8832526,-95.9010843,0.0,283.7,158.6,1.0,10,0
GT-88214,HEC-FLD-114,Alvey,2026-08-07T10:59:49-05:00,29.8832297,-95.9010533,0.0,238.2,154.9,0.9,11,0
GT-88214,HEC-FLD-114,Alvey,2026-08-07T11:00:49-05:00,29.8832433,-95.9010707,0.0,273.5,156.5,1.0,10,0
GT-88214,HEC-FLD-114,Alvey,2026-08-07T11:01:49-05:00,29.8832381,-95.9010336,0.0,126.8,156.5,1.0,12,0
GT-88214,HEC-FLD-114,Alvey,2026-08-07T11:02:49-05:00,29.8832246,-95.9010733,0.0,37.8,155.0,1.3,10,0
GT-88214,HEC-FLD-114,Alvey,2026-08-07T11:03:49-05:00,29.8832482,-95.9010696,0.0,145.2,156.8,1.3,9,0
GT-88214,HEC-FLD-114,Alvey,2026-08-07T11:04:49-05:00,29.8832358,-95.9010481,0.0,192.5,155.8,0.8,10,0
GT-88214,HEC-FLD-114,Alvey,2026-08-07T11:05:49-05:00,29.8832090,-95.9010514,0.0,284.7,156.8,1.2,11,0
GT-88214,HEC-FLD-114,Alvey,2026-08-07T11:06:49-05:00,29.8832396,-95.9011037,0.0,270.2,159.0,1.3,11,0
GT-88214,HEC-FLD-114,Alvey,2026-08-07T11:07:49-05:00,29.8832270,-95.9010586,0.0,77.6,157.5,0.8,11,0
GT-88214,HEC-FLD-114,Alvey,2026-08-07T11:08:49-05:00,29.8832599,-95.9010931,0.0,339.5,156.1,0.9,9,0
GT-88214,HEC-FLD-114,Alvey,2026-08-07T11:09:49-05:00,29.8832489,-95.9010560,0.0,40.8,153.7,0.8,12,0
GT-88214,HEC-FLD-114,Alvey,2026-08-07T11:11:26-05:00,29.8830534,-95.9009984,8.3,177.7,155.1,1.2,10,1
GT-88214,HEC-FLD-114,Alvey,2026-08-07T11:11:46-05:00,29.8823127,-95.9009612,8.9,177.7,156.4,1.0,10,1
GT-88214,HEC-FLD-114,Alvey,2026-08-07T11:12:06-05:00,29.8816427,-95.9007603,9.1,89.9,155.3,0.7,8,1
GT-88214,HEC-FLD-114,Alvey,2026-08-07T11:12:26-05:00,29.8816322,-95.8998998,11.0,89.9,156.4,1.4,12,1
GT-88214,HEC-FLD-114,Alvey,2026-08-07T11:12:46-05:00,29.8816692,-95.8990482,9.3,90.9,153.4,1.2,11,1
GT-88214,HEC-FLD-114,Alvey,2026-08-07T11:13:06-05:00,29.8816329,-95.8981816,7.5,90.9,157.9,1.1,12,1
GT-88214,HEC-FLD-114,Alvey,2026-08-07T11:13:26-05:00,29.8816610,-95.8973418,9.0,90.6,158.0,1.2,11,1
GT-88214,HEC-FLD-114,Alvey,2026-08-07T11:13:46-05:00,29.8816180,-95.8964303,10.0,90.6,154.6,1.1,12,1
GT-88214,HEC-FLD-114,Alvey,2026-08-07T11:14:06-05:00,29.8816119,-95.8955801,10.5,90.6,156.3,1.1,12,1
GT-88214,HEC-FLD-114,Alvey,2026-08-07T11:14:26-05:00,29.8815921,-95.8947023,10.0,90.6,152.6,0.9,12,1
GT-88214,HEC-FLD-114,Alvey,2026-08-07T11:14:46-05:00,29.8815970,-95.8938568,8.5,90.6,156.1,1.0,9,1
GT-88214,HEC-FLD-114,Alvey,2026-08-07T11:15:06-05:00,29.8815842,-95.8929944,9.8,90.6,159.4,1.1,10,1
GT-88214,HEC-FLD-114,Alvey,2026-08-07T11:15:26-05:00,29.8815693,-95.8921218,9.5,90.6,153.4,1.4,12,1
GT-88214,HEC-FLD-114,Alvey,2026-08-07T11:15:46-05:00,29.8815976,-95.8912597,8.3,90.6,157.1,0.8,8,1
GT-88214,HEC-FLD-114,Alvey,2026-08-07T11:16:06-05:00,29.8809723,-95.8906581,26.3,179.7,159.0,0.8,12,1
GT-88214,HEC-FLD-114,Alvey,2026-08-07T11:16:26-05:00,29.8789298,-95.8906315,24.9,179.5,152.7,0.8,10,1
GT-88214,HEC-FLD-114,Alvey,2026-08-07T11:16:46-05:00,29.8769548,-95.8906314,23.2,179.5,157.2,0.8,9,1
GT-88214,HEC-FLD-114,Alvey,2026-08-07T11:17:06-05:00,29.8749480,-95.8905812,24.1,179.5,155.9,0.9,11,1
GT-88214,HEC-FLD-114,Alvey,2026-08-07T11:17:26-05:00,29.8743565,-95.8883984,32.7,89.5,153.5,1.3,10,1
GT-88214,HEC-FLD-114,Alvey,2026-08-07T11:17:46-05:00,29.8743643,-95.8852096,33.3,89.5,155.1,1.0,11,1
GT-88214,HEC-FLD-114,Alvey,2026-08-07T11:18:06-05:00,29.8743936,-95.8820567,35.3,89.6,158.5,1.2,11,1
GT-88214,HEC-FLD-114,Alvey,2026-08-07T11:18:26-05:00,29.8743982,-95.8788960,33.6,89.5,158.4,1.3,9,1
GT-88214,HEC-FLD-114,Alvey,2026-08-07T11:18:46-05:00,29.8744341,-95.8757673,31.6,89.6,160.3,0.8,10,1
GT-88214,HEC-FLD-114,Alvey,2026-08-07T11:19:06-05:00,29.8744706,-95.8725936,32.7,89.5,154.4,1.1,12,1
GT-88214,HEC-FLD-114,Alvey,2026-08-07T11:19:26-05:00,29.8744705,-95.8694162,32.5,89.5,155.4,0.8,8,1
GT-88214,HEC-FLD-114,Alvey,2026-08-07T11:19:46-05:00,29.8744976,-95.8662660,33.7,89.5,156.3,1.0,10,1
GT-88214,HEC-FLD-114,Alvey,2026-08-07T11:20:06-05:00,29.8745297,-95.8630986,33.3,89.4,155.7,1.2,12,1
GT-88214,HEC-FLD-114,Alvey,2026-08-07T11:20:26-05:00,29.8745563,-95.8599396,34.6,89.6,154.5,1.2,8,1
GT-88214,HEC-FLD-114,Alvey,2026-08-07T11:20:46-05:00,29.8745644,-95.8567804,36.5,89.6,155.4,1.2,10,1
GT-88214,HEC-FLD-114,Alvey,2026-08-07T11:21:06-05:00,29.8745798,-95.8535765,33.0,89.4,156.6,0.8,12,1
GT-88214,HEC-FLD-114,Alvey,2026-08-07T11:21:26-05:00,29.8746184,-95.8504419,33.8,89.6,160.5,0.9,11,1
GT-88214,HEC-FLD-114,Alvey,2026-08-07T11:21:46-05:00,29.8746214,-95.8472693,35.6,89.5,155.9,0.9,12,1
GT-88214,HEC-FLD-114,Alvey,2026-08-07T11:22:06-05:00,29.8746480,-95.8440815,33.3,89.3,156.3,0.7,11,1
GT-88214,HEC-FLD-114,Alvey,2026-08-07T11:22:26-05:00,29.8746652,-95.8409637,33.7,89.8,156.3,1.1,10,1
GT-88214,HEC-FLD-114,Alvey,2026-08-07T11:22:46-05:00,29.8746878,-95.8377976,32.1,89.5,153.4,0.9,11,1
GT-88214,HEC-FLD-114,Alvey,2026-08-07T11:23:06-05:00,29.8746928,-95.8346384,34.8,89.5,158.7,0.8,9,1
GT-88214,HEC-FLD-114,Alvey,2026-08-07T11:23:26-05:00,29.8747358,-95.8314987,34.5,89.5,156.6,0.9,12,1
GT-88214,HEC-FLD-114,Alvey,2026-08-07T11:23:46-05:00,29.8747792,-95.8283118,33.9,89.5,154.9,0.9,11,1
GT-88214,HEC-FLD-114,Alvey,2026-08-07T11:24:06-05:00,29.8747769,-95.8251673,35.2,89.5,158.0,1.2,9,1
GT-88214,HEC-FLD-114,Alvey,2026-08-07T11:24:26-05:00,29.8748050,-95.8220055,34.8,89.5,156.3,1.0,11,1
GT-88214,HEC-FLD-114,Alvey,2026-08-07T11:24:46-05:00,29.8748214,-95.8188012,36.3,89.5,155.0,0.9,9,1
GT-88214,HEC-FLD-114,Alvey,2026-08-07T11:25:06-05:00,29.8748589,-95.8156616,34.9,89.3,155.4,1.0,11,1
GT-88214,HEC-FLD-114,Alvey,2026-08-07T11:25:26-05:00,29.8748885,-95.8125017,32.2,89.4,156.8,0.8,9,1
GT-88214,HEC-FLD-114,Alvey,2026-08-07T11:25:46-05:00,29.8749000,-95.8093414,35.7,89.5,158.3,1.0,12,1
GT-88214,HEC-FLD-114,Alvey,2026-08-07T11:26:06-05:00,29.8749314,-95.8061640,34.8,89.5,157.6,1.3,10,1
GT-88214,HEC-FLD-114,Alvey,2026-08-07T11:26:26-05:00,29.8749571,-95.8030124,34.6,89.5,150.0,1.4,12,1
GT-88214,HEC-FLD-114,Alvey,2026-08-07T11:26:46-05:00,29.8749899,-95.7998335,33.7,89.5,157.4,1.1,10,1
GT-88214,HEC-FLD-114,Alvey,2026-08-07T11:27:06-05:00,29.8750093,-95.7966863,33.8,89.4,154.3,1.3,10,1
GT-88214,HEC-FLD-114,Alvey,2026-08-07T11:27:26-05:00,29.8750323,-95.7935258,33.4,89.5,153.9,0.8,11,1
GT-88214,HEC-FLD-114,Alvey,2026-08-07T11:27:46-05:00,29.8749710,-95.7905371,23.6,180.5,154.0,1.0,8,1
GT-88214,HEC-FLD-114,Alvey,2026-08-07T11:28:06-05:00,29.8729585,-95.7905031,25.0,178.4,156.6,1.0,12,1
GT-88214,HEC-FLD-114,Alvey,2026-08-07T11:28:26-05:00,29.8709321,-95.7904694,24.5,179.4,158.4,1.0,8,1
GT-88214,HEC-FLD-114,Alvey,2026-08-07T11:28:46-05:00,29.8689279,-95.7904380,24.1,179.5,156.1,1.1,11,1
GT-88214,HEC-FLD-114,Alvey,2026-08-07T11:29:06-05:00,29.8669262,-95.7904298,22.3,179.5,154.5,0.8,8,1
GT-88214,HEC-FLD-114,Alvey,2026-08-07T11:29:26-05:00,29.8649960,-95.7903950,0.0,298.9,157.9,1.1,12,1
GT-88214,HEC-FLD-114,Alvey,2026-08-07T11:29:26-05:00,29.8650106,-95.7904008,0.0,79.3,157.1,0.8,11,0
GT-88214,HEC-FLD-114,Alvey,2026-08-07T11:34:26-05:00,29.8650325,-95.7904332,0.0,25.6,156.1,0.8,10,0
GT-88214,HEC-FLD-114,Alvey,2026-08-07T11:39:26-05:00,29.8649931,-95.7903954,0.0,256.0,153.8,1.3,8,0
GT-88214,HEC-FLD-114,Alvey,2026-08-07T11:44:26-05:00,29.8650037,-95.7904142,0.0,30.7,156.4,0.8,9,0
GT-88214,HEC-FLD-114,Alvey,2026-08-07T11:49:26-05:00,29.8649735,-95.7903848,0.0,189.1,157.0,0.9,9,0
GT-88214,HEC-FLD-114,Alvey,2026-08-07T11:54:26-05:00,29.8650004,-95.7904288,0.0,228.2,155.2,0.8,10,0
GT-88214,HEC-FLD-114,Alvey,2026-08-07T11:59:26-05:00,29.8649729,-95.7904103,0.0,308.1,155.9,0.8,8,0
GT-88214,HEC-FLD-114,Alvey,2026-08-07T12:04:26-05:00,29.8650138,-95.7903684,0.0,22.6,157.5,1.0,11,0
GT-88214,HEC-FLD-114,Alvey,2026-08-07T12:09:26-05:00,29.8650094,-95.7904079,0.0,239.8,154.1,1.2,12,0
GT-88214,HEC-FLD-114,Alvey,2026-08-07T12:14:26-05:00,29.8649715,-95.7903476,0.0,186.2,154.6,0.7,9,0
GT-88214,HEC-FLD-114,Alvey,2026-08-07T12:19:26-05:00,29.8650099,-95.7903985,0.0,307.1,157.4,0.9,9,0
GT-88214,HEC-FLD-114,Alvey,2026-08-07T12:24:26-05:00,29.8650038,-95.7904103,0.0,12.4,157.5,1.0,11,0
GT-88214,HEC-FLD-114,Alvey,2026-08-07T12:29:26-05:00,29.8650112,-95.7903966,0.0,64.1,156.9,0.8,8,0
GT-88214,HEC-FLD-114,Alvey,2026-08-07T12:34:26-05:00,29.8650007,-95.7903884,0.0,190.0,154.2,0.8,8,0
GT-88214,HEC-FLD-114,Alvey,2026-08-07T12:39:26-05:00,29.8650107,-95.7904023,0.0,7.2,156.3,0.9,8,0
GT-88214,HEC-FLD-114,Alvey,2026-08-07T12:44:26-05:00,29.8649640,-95.7903883,0.0,211.4,155.8,0.8,11,0
GT-88214,HEC-FLD-114,Alvey,2026-08-07T12:49:26-05:00,29.8649837,-95.7903900,0.0,269.5,153.5,0.8,11,0
GT-88214,HEC-FLD-114,Alvey,2026-08-07T12:54:26-05:00,29.8650164,-95.7903860,0.0,58.6,157.4,0.9,11,0
GT-88214,HEC-FLD-114,Alvey,2026-08-07T12:59:26-05:00,29.8649977,-95.7903966,0.0,191.8,153.5,0.8,12,0
GT-88214,HEC-FLD-114,Alvey,2026-08-07T13:04:26-05:00,29.8649878,-95.7903824,0.0,40.5,157.2,0.8,11,0
GT-88214,HEC-FLD-114,Alvey,2026-08-07T13:09:26-05:00,29.8650252,-95.7903648,0.0,66.7,158.3,0.8,9,0
GT-88214,HEC-FLD-114,Alvey,2026-08-07T13:14:26-05:00,29.8649804,-95.7903924,0.0,287.9,155.7,1.2,12,0
GT-88214,HEC-FLD-114,Alvey,2026-08-07T13:19:26-05:00,29.8649786,-95.7903872,0.0,67.1,151.9,0.7,12,0
GT-88214,HEC-FLD-114,Alvey,2026-08-07T13:24:26-05:00,29.8649979,-95.7903767,0.0,94.6,156.4,1.3,8,0
GT-88214,HEC-FLD-114,Alvey,2026-08-07T13:29:26-05:00,29.8650212,-95.7903875,0.0,12.0,157.7,1.3,11,0
GT-88214,HEC-FLD-114,Alvey,2026-08-07T13:34:26-05:00,29.8650114,-95.7903980,0.0,188.4,156.0,0.9,8,0
GT-88214,HEC-FLD-114,Alvey,2026-08-07T13:39:26-05:00,29.8650177,-95.7903973,0.0,325.7,156.0,0.9,9,0
GT-88214,HEC-FLD-114,Alvey,2026-08-07T13:44:26-05:00,29.8650113,-95.7904023,0.0,185.5,156.2,1.1,8,0
GT-88214,HEC-FLD-114,Alvey,2026-08-07T13:49:26-05:00,29.8650353,-95.7903989,0.0,177.0,159.3,0.9,8,0
GT-88214,HEC-FLD-114,Alvey,2026-08-07T13:54:26-05:00,29.8649715,-95.7904065,0.0,142.4,156.4,0.9,11,0
GT-88214,HEC-FLD-114,Alvey,2026-08-07T13:59:26-05:00,29.8649961,-95.7903596,0.0,171.3,155.2,1.2,8,0
GT-88214,HEC-FLD-114,Alvey,2026-08-07T14:04:26-05:00,29.8649897,-95.7903828,0.0,74.3,159.5,1.3,10,0
GT-88214,HEC-FLD-114,Alvey,2026-08-07T14:09:26-05:00,29.8649622,-95.7903964,0.0,59.3,158.2,1.1,9,0
GT-88214,HEC-FLD-114,Alvey,2026-08-07T14:14:26-05:00,29.8650049,-95.7904102,0.0,164.8,153.5,0.9,10,0
GT-88214,HEC-FLD-114,Alvey,2026-08-07T14:19:26-05:00,29.8649964,-95.7904081,0.0,207.5,156.0,0.8,11,0
GT-88214,HEC-FLD-114,Alvey,2026-08-07T14:24:26-05:00,29.8650124,-95.7903849,0.0,80.6,156.2,1.1,10,0
GT-88214,HEC-FLD-114,Alvey,2026-08-07T14:29:26-05:00,29.8649788,-95.7903951,0.0,320.9,155.2,0.8,11,0
GT-88214,HEC-FLD-114,Alvey,2026-08-07T14:34:26-05:00,29.8650234,-95.7903672,0.0,12.5,154.8,1.3,12,0
GT-88214,HEC-FLD-114,Alvey,2026-08-07T14:39:26-05:00,29.8649818,-95.7903845,0.0,128.4,155.1,0.9,11,0
GT-88214,HEC-FLD-114,Alvey,2026-08-07T14:44:26-05:00,29.8650036,-95.7903805,0.0,154.1,155.7,0.9,9,0
GT-88214,HEC-FLD-114,Alvey,2026-08-07T14:49:26-05:00,29.8650067,-95.7903532,0.0,4.8,155.1,0.8,8,0
GT-88214,HEC-FLD-114,Alvey,2026-08-07T14:54:26-05:00,29.8649929,-95.7903978,0.0,193.0,156.6,1.1,11,0
GT-88214,HEC-FLD-114,Alvey,2026-08-07T14:59:26-05:00,29.8649916,-95.7903759,0.0,354.8,154.2,1.2,10,0
GT-88214,HEC-FLD-114,Alvey,2026-08-07T15:04:26-05:00,29.8650132,-95.7903882,0.0,28.8,157.2,0.7,9,0
GT-88214,HEC-FLD-114,Alvey,2026-08-07T15:09:26-05:00,29.8649618,-95.7903703,0.0,252.9,155.4,0.7,8,0
GT-88214,HEC-FLD-114,Alvey,2026-08-07T15:14:26-05:00,29.8650073,-95.7903940,0.0,324.4,156.6,0.9,12,0
GT-88214,HEC-FLD-114,Alvey,2026-08-07T15:19:26-05:00,29.8650067,-95.7904496,0.0,15.2,156.5,1.1,9,0
GT-88214,HEC-FLD-114,Alvey,2026-08-07T15:24:26-05:00,29.8650051,-95.7904223,0.0,96.2,158.6,0.9,9,0
GT-88214,HEC-FLD-114,Alvey,2026-08-07T15:29:26-05:00,29.8650190,-95.7903942,0.0,69.3,156.4,0.7,11,0
GT-88214,HEC-FLD-114,Alvey,2026-08-07T15:34:26-05:00,29.8649867,-95.7903763,0.0,138.4,157.3,1.3,8,0
GT-88214,HEC-FLD-114,Alvey,2026-08-07T15:39:26-05:00,29.8650074,-95.7904018,0.0,113.4,155.6,1.2,9,0
GT-88214,HEC-FLD-114,Alvey,2026-08-07T15:44:26-05:00,29.8649897,-95.7904032,24.7,359.5,157.5,1.0,12,1
GT-88214,HEC-FLD-114,Alvey,2026-08-07T15:44:46-05:00,29.8669999,-95.7904333,24.8,359.5,155.7,0.9,10,1
GT-88214,HEC-FLD-114,Alvey,2026-08-07T15:45:06-05:00,29.8690040,-95.7904467,25.3,359.5,154.0,0.9,12,1
GT-88214,HEC-FLD-114,Alvey,2026-08-07T15:45:26-05:00,29.8710205,-95.7904714,24.3,359.4,155.9,1.4,9,1
GT-88214,HEC-FLD-114,Alvey,2026-08-07T15:45:46-05:00,29.8730173,-95.7905130,24.9,358.4,156.7,1.2,9,1
GT-88214,HEC-FLD-114,Alvey,2026-08-07T15:46:06-05:00,29.8750154,-95.7905196,24.7,0.5,154.9,1.3,12,1
GT-88214,HEC-FLD-114,Alvey,2026-08-07T15:46:26-05:00,29.8750438,-95.7936283,34.8,269.5,153.2,1.2,8,1
GT-88214,HEC-FLD-114,Alvey,2026-08-07T15:46:46-05:00,29.8750148,-95.7968097,31.5,269.4,153.2,1.1,12,1
GT-88214,HEC-FLD-114,Alvey,2026-08-07T15:47:06-05:00,29.8749854,-95.7999509,35.4,269.5,155.9,1.2,9,1
GT-88214,HEC-FLD-114,Alvey,2026-08-07T15:47:26-05:00,29.8749555,-95.8031327,35.1,269.5,156.0,0.9,12,1
GT-88214,HEC-FLD-114,Alvey,2026-08-07T15:47:46-05:00,29.8749275,-95.8062764,35.0,269.5,155.7,1.4,8,1
GT-88214,HEC-FLD-114,Alvey,2026-08-07T15:48:06-05:00,29.8749069,-95.8094478,33.0,269.5,155.1,1.1,9,1
GT-88214,HEC-FLD-114,Alvey,2026-08-07T15:48:26-05:00,29.8748723,-95.8126212,35.5,269.4,156.5,1.3,9,1
GT-88214,HEC-FLD-114,Alvey,2026-08-07T15:48:46-05:00,29.8748435,-95.8157723,32.3,269.6,154.1,1.2,11,1
GT-88214,HEC-FLD-114,Alvey,2026-08-07T15:49:06-05:00,29.8748537,-95.8189459,34.4,269.6,156.3,0.8,9,1
GT-88214,HEC-FLD-114,Alvey,2026-08-07T15:49:26-05:00,29.8748047,-95.8220921,34.3,269.5,154.9,0.9,9,1
GT-88214,HEC-FLD-114,Alvey,2026-08-07T15:49:46-05:00,29.8747414,-95.8252663,34.6,269.5,156.1,0.8,9,1
GT-88214,HEC-FLD-114,Alvey,2026-08-07T15:50:06-05:00,29.8747431,-95.8284669,35.1,269.6,156.3,1.2,12,1
GT-88214,HEC-FLD-114,Alvey,2026-08-07T15:50:26-05:00,29.8747363,-95.8316040,31.5,269.5,156.1,1.3,8,1
GT-88214,HEC-FLD-114,Alvey,2026-08-07T15:50:46-05:00,29.8746997,-95.8347496,35.5,269.5,153.9,0.8,8,1
GT-88214,HEC-FLD-114,Alvey,2026-08-07T15:51:06-05:00,29.8746706,-95.8379331,33.5,269.5,158.1,1.0,11,1
GT-88214,HEC-FLD-114,Alvey,2026-08-07T15:51:26-05:00,29.8746607,-95.8410743,35.9,269.8,159.6,1.1,11,1
GT-88214,HEC-FLD-114,Alvey,2026-08-07T15:51:46-05:00,29.8746292,-95.8441975,33.9,268.7,155.5,1.1,11,1
GT-88214,HEC-FLD-114,Alvey,2026-08-07T15:52:06-05:00,29.8746143,-95.8473731,32.2,269.5,156.4,1.0,11,1
GT-88214,HEC-FLD-114,Alvey,2026-08-07T15:52:26-05:00,29.8745921,-95.8505636,36.7,269.6,153.9,1.1,10,1
GT-88214,HEC-FLD-114,Alvey,2026-08-07T15:52:46-05:00,29.8745844,-95.8537126,32.5,269.4,157.0,1.0,8,1
GT-88214,HEC-FLD-114,Alvey,2026-08-07T15:53:06-05:00,29.8745682,-95.8568803,34.4,269.6,154.2,1.0,11,1
GT-88214,HEC-FLD-114,Alvey,2026-08-07T15:53:26-05:00,29.8745618,-95.8600414,33.9,269.6,155.6,1.1,8,1
GT-88214,HEC-FLD-114,Alvey,2026-08-07T15:53:46-05:00,29.8745316,-95.8632021,34.2,269.4,152.4,1.4,11,1
GT-88214,HEC-FLD-114,Alvey,2026-08-07T15:54:06-05:00,29.8744986,-95.8663655,34.5,269.5,152.0,0.8,8,1
GT-88214,HEC-FLD-114,Alvey,2026-08-07T15:54:26-05:00,29.8744772,-95.8695364,34.7,269.5,156.4,1.1,10,1
GT-88214,HEC-FLD-114,Alvey,2026-08-07T15:54:46-05:00,29.8744567,-95.8727028,34.3,269.5,157.4,1.3,9,1
GT-88214,HEC-FLD-114,Alvey,2026-08-07T15:55:06-05:00,29.8744398,-95.8758575,34.8,269.6,154.5,1.3,9,1
GT-88214,HEC-FLD-114,Alvey,2026-08-07T15:55:26-05:00,29.8744197,-95.8790201,31.5,269.5,156.8,0.9,10,1
GT-88214,HEC-FLD-114,Alvey,2026-08-07T15:55:46-05:00,29.8744054,-95.8821628,33.2,269.6,154.4,0.8,12,1
GT-88214,HEC-FLD-114,Alvey,2026-08-07T15:56:06-05:00,29.8743618,-95.8853333,34.4,269.5,160.3,1.3,10,1
GT-88214,HEC-FLD-114,Alvey,2026-08-07T15:56:26-05:00,29.8743621,-95.8884959,34.6,269.5,158.0,1.1,8,1
GT-88214,HEC-FLD-114,Alvey,2026-08-07T15:56:46-05:00,29.8743050,-95.8916865,30.9,269.5,152.7,1.1,10,1
GT-88214,HEC-FLD-114,Alvey,2026-08-07T15:57:06-05:00,29.8742988,-95.8948502,34.1,269.5,157.5,0.8,10,1
GT-88214,HEC-FLD-114,Alvey,2026-08-07T15:57:26-05:00,29.8742589,-95.8979939,34.2,269.5,159.4,1.3,11,1
GT-88214,HEC-FLD-114,Alvey,2026-08-07T15:57:46-05:00,29.8742541,-95.9011712,34.5,269.5,155.6,0.8,11,1
GT-88214,HEC-FLD-114,Alvey,2026-08-07T15:58:06-05:00,29.8742523,-95.9043446,34.0,269.6,154.8,0.8,11,1
GT-88214,HEC-FLD-114,Alvey,2026-08-07T15:58:26-05:00,29.8742013,-95.9074777,34.0,269.5,153.6,1.2,12,1
GT-88214,HEC-FLD-114,Alvey,2026-08-07T15:58:46-05:00,29.8741888,-95.9106405,33.7,269.4,156.7,0.8,10,1
GT-88214,HEC-FLD-114,Alvey,2026-08-07T15:59:06-05:00,29.8741748,-95.9137996,33.6,269.4,156.8,0.8,11,1
GT-88214,HEC-FLD-114,Alvey,2026-08-07T15:59:26-05:00,29.8741215,-95.9169807,34.2,269.6,153.8,1.1,8,1
GT-88214,HEC-FLD-114,Alvey,2026-08-07T15:59:46-05:00,29.8741015,-95.9201360,33.9,269.2,158.1,1.2,9,1
GT-88214,HEC-FLD-114,Alvey,2026-08-07T16:00:06-05:00,29.8740856,-95.9233159,33.9,269.4,159.7,0.8,10,1
GT-88214,HEC-FLD-114,Alvey,2026-08-07T16:00:26-05:00,29.8740356,-95.9264655,33.4,269.4,155.4,1.3,8,1
GT-88214,HEC-FLD-114,Alvey,2026-08-07T16:00:46-05:00,29.8740207,-95.9296450,33.2,269.4,154.0,0.8,10,1
GT-88214,HEC-FLD-114,Alvey,2026-08-07T16:01:06-05:00,29.8739780,-95.9327751,33.3,269.4,155.3,1.3,12,1
GT-88214,HEC-FLD-114,Alvey,2026-08-07T16:01:26-05:00,29.8739566,-95.9359416,34.1,269.4,155.1,1.2,9,1
GT-88214,HEC-FLD-114,Alvey,2026-08-07T16:01:46-05:00,29.8739336,-95.9390924,33.4,269.4,159.9,0.9,9,1
GT-88214,HEC-FLD-114,Alvey,2026-08-07T16:02:06-05:00,29.8739036,-95.9422843,33.6,269.5,154.6,0.9,10,1
GT-88214,HEC-FLD-114,Alvey,2026-08-07T16:02:26-05:00,29.8738596,-95.9454334,35.0,269.5,154.0,1.0,11,1
GT-88214,HEC-FLD-114,Alvey,2026-08-07T16:02:46-05:00,29.8738562,-95.9486167,35.0,269.5,157.7,0.9,8,1
GT-88214,HEC-FLD-114,Alvey,2026-08-07T16:03:06-05:00,29.8738366,-95.9517528,32.7,271.3,153.6,1.3,9,1
GT-88214,HEC-FLD-114,Alvey,2026-08-07T16:03:26-05:00,29.8739414,-95.9549310,36.0,272.6,152.8,1.3,11,1
GT-88214,HEC-FLD-114,Alvey,2026-08-07T16:03:46-05:00,29.8740554,-95.9580853,33.7,272.6,152.6,0.8,9,1
GT-88214,HEC-FLD-114,Alvey,2026-08-07T16:04:06-05:00,29.8749843,-95.9591969,34.2,44.2,158.4,0.9,11,1
GT-88214,HEC-FLD-114,Alvey,2026-08-07T16:04:26-05:00,29.8772425,-95.9575161,32.2,5.8,154.9,1.1,9,1
GT-88214,HEC-FLD-114,Alvey,2026-08-07T16:04:46-05:00,29.8799874,-95.9574670,34.5,359.6,159.5,1.4,8,1
GT-88214,HEC-FLD-114,Alvey,2026-08-07T16:05:06-05:00,29.8827513,-95.9575207,33.9,359.6,157.0,0.8,10,1
GT-88214,HEC-FLD-114,Alvey,2026-08-07T16:05:26-05:00,29.8854719,-95.9575374,34.4,359.5,160.6,1.0,8,1
GT-88214,HEC-FLD-114,Alvey,2026-08-07T16:05:46-05:00,29.8882187,-95.9575817,34.5,359.5,154.8,0.9,11,1
GT-88214,HEC-FLD-114,Alvey,2026-08-07T16:06:06-05:00,29.8909766,-95.9576049,35.6,359.5,155.9,0.8,10,1
GT-88214,HEC-FLD-114,Alvey,2026-08-07T16:06:26-05:00,29.8937378,-95.9576178,32.3,359.5,152.6,1.3,11,1
GT-88214,HEC-FLD-114,Alvey,2026-08-07T16:06:46-05:00,29.8964999,-95.9576711,34.3,359.5,158.2,1.3,10,1
GT-88214,HEC-FLD-114,Alvey,2026-08-07T16:07:06-05:00,29.8992634,-95.9576832,35.4,359.6,158.6,1.3,9,1
GT-88214,HEC-FLD-114,Alvey,2026-08-07T16:07:26-05:00,29.9020331,-95.9577282,34.0,359.6,156.1,0.7,8,1
GT-88214,HEC-FLD-114,Alvey,2026-08-07T16:07:46-05:00,29.9047939,-95.9577720,35.4,0.0,159.0,0.9,11,1
GT-88214,HEC-FLD-114,Alvey,2026-08-07T16:08:06-05:00,29.9075710,-95.9577890,32.2,359.4,153.7,0.7,11,1
GT-88214,HEC-FLD-114,Alvey,2026-08-07T16:08:26-05:00,29.9103304,-95.9578078,32.7,359.5,152.9,0.9,12,1
GT-88214,HEC-FLD-114,Alvey,2026-08-07T16:08:46-05:00,29.9130486,-95.9578545,35.5,359.5,156.6,0.8,10,1
GT-88214,HEC-FLD-114,Alvey,2026-08-07T16:09:06-05:00,29.9158168,-95.9578692,34.0,359.5,154.0,0.8,10,1
GT-88214,HEC-FLD-114,Alvey,2026-08-07T16:09:26-05:00,29.9173520,-95.9592893,34.6,270.0,156.0,0.8,11,1
GT-88214,HEC-FLD-114,Alvey,2026-08-07T16:09:46-05:00,29.9173784,-95.9624735,34.4,270.0,154.4,1.3,9,1
GT-88214,HEC-FLD-114,Alvey,2026-08-07T16:10:06-05:00,29.9173480,-95.9656222,35.9,270.0,154.1,1.3,9,1
GT-88214,HEC-FLD-114,Alvey,2026-08-07T16:10:26-05:00,29.9173740,-95.9687832,32.9,270.4,155.2,1.3,11,1
GT-88214,HEC-FLD-114,Alvey,2026-08-07T16:10:46-05:00,29.9173824,-95.9719462,36.6,270.4,152.9,1.3,8,1
GT-88214,HEC-FLD-114,Alvey,2026-08-07T16:11:06-05:00,29.9173406,-95.9751354,32.6,268.7,156.9,1.0,10,1
GT-88214,HEC-FLD-114,Alvey,2026-08-07T16:11:26-05:00,29.9173318,-95.9782637,33.2,269.4,155.7,1.0,12,1
GT-88214,HEC-FLD-114,Alvey,2026-08-07T16:11:46-05:00,29.9173096,-95.9814355,32.3,269.4,156.2,1.2,11,1
GT-88214,HEC-FLD-114,Alvey,2026-08-07T16:12:06-05:00,29.9172736,-95.9846122,35.2,269.1,156.0,1.1,11,1
GT-88214,HEC-FLD-114,Alvey,2026-08-07T16:12:26-05:00,29.9172436,-95.9877749,33.7,269.5,152.6,1.3,10,1
GT-88214,HEC-FLD-114,Alvey,2026-08-07T16:12:46-05:00,29.9172034,-95.9909299,35.4,269.5,156.8,1.0,8,1
GT-88214,HEC-FLD-114,Alvey,2026-08-07T16:13:06-05:00,29.9178216,-95.9939593,35.4,298.1,154.3,0.8,8,1
GT-88214,HEC-FLD-114,Alvey,2026-08-07T16:13:26-05:00,29.9181804,-95.9970551,32.9,268.2,156.6,1.1,10,1
GT-88214,HEC-FLD-114,Alvey,2026-08-07T16:13:46-05:00,29.9180759,-96.0002196,34.1,268.2,154.8,1.2,9,1
GT-88214,HEC-FLD-114,Alvey,2026-08-07T16:14:06-05:00,29.9180808,-96.0033766,36.6,269.2,157.3,0.9,9,1
GT-88214,HEC-FLD-114,Alvey,2026-08-07T16:14:26-05:00,29.9180023,-96.0065744,34.0,268.6,153.0,1.3,12,1
GT-88214,HEC-FLD-114,Alvey,2026-08-07T16:14:46-05:00,29.9179555,-96.0097279,32.3,268.7,157.0,1.3,8,1
GT-88214,HEC-FLD-114,Alvey,2026-08-07T16:15:06-05:00,29.9178642,-96.0128802,34.2,268.1,156.6,1.0,9,1
GT-88214,HEC-FLD-114,Alvey,2026-08-07T16:15:26-05:00,29.9178000,-96.0160395,33.0,268.5,156.9,0.8,10,1
GT-88214,HEC-FLD-114,Alvey,2026-08-07T16:15:46-05:00,29.9177294,-96.0192178,33.9,268.5,153.0,1.3,11,1
GT-88214,HEC-FLD-114,Alvey,2026-08-07T16:16:06-05:00,29.9176530,-96.0223976,33.0,268.5,151.8,1.0,8,1
GT-88214,HEC-FLD-114,Alvey,2026-08-07T16:16:26-05:00,29.9175703,-96.0255515,34.6,267.6,152.7,1.1,12,1
GT-88214,HEC-FLD-114,Alvey,2026-08-07T16:16:46-05:00,29.9174896,-96.0286865,35.4,268.4,155.4,1.1,12,1
GT-88214,HEC-FLD-114,Alvey,2026-08-07T16:17:06-05:00,29.9174169,-96.0318657,33.5,264.1,153.5,1.2,10,1
GT-88214,HEC-FLD-114,Alvey,2026-08-07T16:17:26-05:00,29.9161461,-96.0346074,35.2,225.2,154.6,1.0,8,1
GT-88214,HEC-FLD-114,Alvey,2026-08-07T16:17:46-05:00,29.9151519,-96.0374129,34.0,268.2,153.4,1.3,8,1
GT-88214,HEC-FLD-114,Alvey,2026-08-07T16:18:06-05:00,29.9151098,-96.0406048,35.6,268.7,154.5,0.8,8,1
GT-88214,HEC-FLD-114,Alvey,2026-08-07T16:18:26-05:00,29.9150736,-96.0437577,33.9,268.7,154.5,0.8,9,1
GT-88214,HEC-FLD-114,Alvey,2026-08-07T16:18:46-05:00,29.9150027,-96.0469286,33.0,268.7,156.7,1.3,9,1
GT-88214,HEC-FLD-114,Alvey,2026-08-07T16:19:06-05:00,29.9149523,-96.0500780,34.7,267.6,153.0,1.1,12,1
GT-88214,HEC-FLD-114,Alvey,2026-08-07T16:19:26-05:00,29.9139701,-96.0529316,34.5,229.8,154.2,1.1,10,1
GT-88214,HEC-FLD-114,Alvey,2026-08-07T16:19:46-05:00,29.9124666,-96.0555500,34.5,258.8,157.6,0.8,9,1
GT-88214,HEC-FLD-114,Alvey,2026-08-07T16:20:06-05:00,29.9124019,-96.0586945,34.2,269.4,153.9,1.4,8,1
GT-88214,HEC-FLD-114,Alvey,2026-08-07T16:20:26-05:00,29.9123284,-96.0618670,35.8,268.6,152.1,1.0,10,1
GT-88214,HEC-FLD-114,Alvey,2026-08-07T16:20:46-05:00,29.9122869,-96.0650270,33.4,268.6,157.1,1.1,8,1
GT-88214,HEC-FLD-114,Alvey,2026-08-07T16:21:06-05:00,29.9115311,-96.0664263,16.3,176.1,155.9,1.2,8,1
GT-88214,HEC-FLD-114,Alvey,2026-08-07T16:21:26-05:00,29.9103156,-96.0663926,15.4,177.2,157.6,1.0,8,1
GT-88214,HEC-FLD-114,Alvey,2026-08-07T16:21:46-05:00,29.9090377,-96.0663042,14.9,177.2,156.1,1.3,9,1
GT-88214,HEC-FLD-114,Alvey,2026-08-07T16:22:06-05:00,29.9077955,-96.0662277,14.1,176.8,157.6,0.8,10,1
GT-88214,HEC-FLD-114,Alvey,2026-08-07T16:22:26-05:00,29.9065416,-96.0661614,16.3,177.7,154.3,1.2,8,1
GT-88214,HEC-FLD-114,Alvey,2026-08-07T16:22:46-05:00,29.9052934,-96.0661202,15.8,201.8,158.2,1.1,10,1
GT-88214,HEC-FLD-114,Alvey,2026-08-07T16:23:06-05:00,29.9050567,-96.0674459,17.5,267.0,158.5,1.3,9,1
GT-88214,HEC-FLD-114,Alvey,2026-08-07T16:23:26-05:00,29.9044348,-96.0682199,14.2,180.0,153.4,1.3,8,1
GT-88214,HEC-FLD-114,Alvey,2026-08-07T16:23:46-05:00,29.9031795,-96.0681877,14.5,180.0,153.2,1.0,12,1
GT-88214,HEC-FLD-114,Alvey,2026-08-07T16:24:06-05:00,29.9019500,-96.0681849,13.3,177.1,155.4,1.3,8,1
GT-88214,HEC-FLD-114,Alvey,2026-08-07T16:24:26-05:00,29.9006922,-96.0681134,14.0,177.1,154.6,1.0,11,1
GT-88214,HEC-FLD-114,Alvey,2026-08-07T16:24:46-05:00,29.8994436,-96.0680256,13.2,177.1,156.4,1.0,12,1
GT-88214,HEC-FLD-114,Alvey,2026-08-07T16:25:06-05:00,29.8989576,-96.0671063,17.0,89.8,153.6,1.2,9,1
GT-88214,HEC-FLD-114,Alvey,2026-08-07T16:25:26-05:00,29.8978809,-96.0668232,16.7,178.1,151.4,1.4,10,1
GT-88214,HEC-FLD-114,Alvey,2026-08-07T16:25:46-05:00,29.8966570,-96.0668077,13.8,178.2,154.0,1.0,9,1
GT-88214,HEC-FLD-114,Alvey,2026-08-07T16:26:06-05:00,29.8953775,-96.0667297,15.4,178.1,158.5,0.7,9,1
GT-88214,HEC-FLD-114,Alvey,2026-08-07T16:26:26-05:00,29.8941448,-96.0666863,16.4,178.1,155.7,1.1,10,1
GT-88214,HEC-FLD-114,Alvey,2026-08-07T16:26:46-05:00,29.8928909,-96.0666376,15.9,178.1,156.5,0.8,8,1
GT-88214,HEC-FLD-114,Alvey,2026-08-07T16:27:06-05:00,29.8916322,-96.0665797,15.5,178.1,155.9,1.4,10,1
GT-88214,HEC-FLD-114,Alvey,2026-08-07T16:27:26-05:00,29.8903661,-96.0665329,15.8,178.1,157.0,0.8,10,1
GT-88214,HEC-FLD-114,Alvey,2026-08-07T16:27:46-05:00,29.8891564,-96.0664689,13.7,178.1,154.1,0.8,11,1
GT-88214,HEC-FLD-114,Alvey,2026-08-07T16:28:06-05:00,29.8883649,-96.0670325,16.4,268.3,153.2,0.9,9,1
GT-88214,HEC-FLD-114,Alvey,2026-08-07T16:28:26-05:00,29.8883316,-96.0684442,16.7,268.3,155.9,0.8,9,1
GT-88214,HEC-FLD-114,Alvey,2026-08-07T16:28:46-05:00,29.8882819,-96.0699078,16.6,269.2,158.5,1.2,9,1
GT-88214,HEC-FLD-114,Alvey,2026-08-07T16:29:06-05:00,29.8882870,-96.0705090,0.0,316.7,158.4,0.8,11,1
GT-88214,HEC-FLD-114,Alvey,2026-08-07T16:39:06-05:00,29.8883033,-96.0704968,0.0,26.4,155.1,1.2,9,0
GT-88214,HEC-FLD-114,Alvey,2026-08-07T16:49:06-05:00,29.8883183,-96.0705169,0.0,207.6,156.0,0.9,12,0
GT-88214,HEC-FLD-114,Alvey,2026-08-07T16:59:06-05:00,29.8882843,-96.0705066,0.0,192.2,156.6,1.0,11,0
